image_id,image_name
0,images/second_frame_00.png
1,images/second_frame_01.png
2,images/second_frame_02.png
3,images/second_frame_03.png
4,images/second_frame_04.png
5,images/second_frame_05.png
6,images/second_frame_06.png
7,images/second_frame_07.png
8,images/second_frame_08.png
9,images/second_frame_09.png
10,images/second_frame_10.png
11,images/second_frame_11.png
12,images/second_frame_12.png
13,images/second_frame_13.png
14,images/second_frame_14.png
15,images/second_frame_15.png
16,images/second_frame_16.png
17,images/second_frame_17.png
18,images/second_frame_18.png
19,images/second_frame_19.png
20,images/second_frame_20.png
21,images/second_frame_21.png
22,images/second_frame_22.png
23,images/second_frame_23.png
24,images/second_frame_24.png
25,images/second_frame_25.png
26,images/second_frame_26.png
27,images/second_frame_27.png
28,images/second_frame_28.png
29,images/second_frame_29.png
30,images/second_frame_30.png
31,images/second_frame_31.png
32,images/second_frame_32.png
33,images/second_frame_33.png
34,images/second_frame_34.png
35,images/second_frame_35.png
36,images/second_frame_36.png
37,images/second_frame_37.png
38,images/second_frame_38.png
39,images/second_frame_39.png
40,images/second_frame_40.png
41,images/second_frame_41.png
42,images/second_frame_42.png
43,images/second_frame_43.png
44,images/second_frame_44.png
45,images/second_frame_45.png
46,images/second_frame_46.png
47,images/second_frame_47.png
48,images/second_frame_48.png
49,images/second_frame_49.png
50,images/second_frame_50.png
51,images/second_frame_51.png
52,images/second_frame_52.png
53,images/second_frame_53.png
54,images/second_frame_54.png
55,images/second_frame_55.png
56,images/second_frame_56.png
57,images/second_frame_57.png
58,images/second_frame_58.png
59,images/second_frame_59.png
60,images/second_frame_60.png
61,images/second_frame_61.png
62,images/second_frame_62.png
63,images/second_frame_63.png
64,images/second_frame_64.png
65,images/second_frame_65.png
66,images/second_frame_66.png
67,images/second_frame_67.png
68,images/second_frame_68.png
69,images/second_frame_69.png
70,images/second_frame_70.png
71,images/second_frame_71.png
72,images/second_frame_72.png
